matrix,k,eligible,replacement_pair,timing_sequential_success,timing_sequential_variant,timing_sequential_seconds
GHS_psdef/bmwcra_1,0,1,0,1,baseline,0.30977643
GHS_psdef/bmwcra_1,1,0,0,0,baseline_nonpositive_pivot,
GHS_psdef/bmwcra_1,2,1,0,1,baseline,5.068353092
GHS_psdef/bmwcra_1,3,0,1,0,baseline_nonpositive_pivot,
Boeing/pwtk,0,0,0,0,baseline_nonpositive_pivot,
Boeing/pwtk,1,0,0,0,baseline_nonpositive_pivot,
Boeing/pwtk,2,0,0,0,baseline_nonpositive_pivot,
Boeing/pwtk,3,0,1,0,baseline_nonpositive_pivot,
BenElechi/BenElechi1,0,0,0,0,baseline_nonpositive_pivot,
BenElechi/BenElechi1,1,0,0,0,baseline_nonpositive_pivot,
BenElechi/BenElechi1,2,0,0,0,baseline_nonpositive_pivot,
BenElechi/BenElechi1,3,0,1,0,baseline_nonpositive_pivot,
INPRO/msdoor,0,0,0,0,baseline_nonpositive_pivot,
INPRO/msdoor,1,0,0,0,baseline_nonpositive_pivot,
INPRO/msdoor,2,0,0,0,baseline_nonpositive_pivot,
INPRO/msdoor,3,0,1,0,baseline_nonpositive_pivot,
Schenk_AFE/af_0_k101,0,1,0,1,baseline,0.175411585
Schenk_AFE/af_0_k101,1,0,0,0,baseline_nonpositive_pivot,
Schenk_AFE/af_0_k101,2,0,0,0,baseline_nonpositive_pivot,
Schenk_AFE/af_0_k101,3,0,1,0,baseline_nonpositive_pivot,
Schenk_AFE/af_1_k101,0,1,0,1,baseline,0.174645312
Schenk_AFE/af_1_k101,1,1,0,1,baseline,0.290725711
Schenk_AFE/af_1_k101,2,0,0,0,baseline_nonpositive_pivot,
Schenk_AFE/af_1_k101,3,0,1,0,baseline_nonpositive_pivot,
Schenk_AFE/af_2_k101,0,1,0,1,baseline,0.174754947
Schenk_AFE/af_2_k101,1,1,0,1,baseline,0.291071292
Schenk_AFE/af_2_k101,2,0,0,0,baseline_nonpositive_pivot,
Schenk_AFE/af_2_k101,3,0,1,0,baseline_nonpositive_pivot,
Schenk_AFE/af_3_k101,0,1,0,1,baseline,0.176030611
Schenk_AFE/af_3_k101,1,1,0,1,baseline,0.2904790579
Schenk_AFE/af_3_k101,2,0,0,0,baseline_nonpositive_pivot,
Schenk_AFE/af_3_k101,3,0,1,0,baseline_nonpositive_pivot,
Schenk_AFE/af_4_k101,0,1,0,1,baseline,0.1748721499
Schenk_AFE/af_4_k101,1,1,0,1,baseline,0.2891298541
Schenk_AFE/af_4_k101,2,0,0,0,baseline_nonpositive_pivot,
Schenk_AFE/af_4_k101,3,0,1,0,baseline_nonpositive_pivot,
Schenk_AFE/af_5_k101,0,1,0,1,baseline,0.175547088
Schenk_AFE/af_5_k101,1,1,0,1,baseline,0.289272498
Schenk_AFE/af_5_k101,2,0,0,0,baseline_nonpositive_pivot,
Schenk_AFE/af_5_k101,3,0,1,0,baseline_nonpositive_pivot,
GHS_psdef/inline_1,0,1,0,1,baseline,1.281054909
GHS_psdef/inline_1,1,1,0,1,baseline,4.389652893
GHS_psdef/inline_1,2,1,0,1,baseline,11.76674486
GHS_psdef/inline_1,3,1,1,1,baseline,25.2421414
Schenk_AFE/af_shell3,0,1,0,1,baseline,0.177563248
Schenk_AFE/af_shell3,1,1,0,1,baseline,0.3068551
Schenk_AFE/af_shell3,2,1,0,1,baseline,0.6680070859
Schenk_AFE/af_shell3,3,1,1,1,baseline,1.190332619
Schenk_AFE/af_shell4,0,1,0,1,baseline,0.177181968
Schenk_AFE/af_shell4,1,1,0,1,baseline,0.307807869
Schenk_AFE/af_shell4,2,1,0,1,baseline,0.683149208
Schenk_AFE/af_shell4,3,1,1,1,baseline,1.199562055
Schenk_AFE/af_shell7,0,1,0,1,baseline,0.178189339
Schenk_AFE/af_shell7,1,1,0,1,baseline,0.307472163
Schenk_AFE/af_shell7,2,1,0,1,baseline,0.6733337661
Schenk_AFE/af_shell7,3,1,1,1,baseline,1.191118707
Schenk_AFE/af_shell8,0,1,0,1,baseline,0.177212895
Schenk_AFE/af_shell8,1,1,0,1,baseline,0.306195788
Schenk_AFE/af_shell8,2,1,0,1,baseline,0.6816192199
Schenk_AFE/af_shell8,3,1,1,1,baseline,1.168645859
Mazaheri/bundle_adj,0,1,0,1,baseline,7.85048353
Mazaheri/bundle_adj,1,1,1,1,baseline,227.0029292
Mazaheri/bundle_adj,2,1,1,1,baseline,226.185155
Mazaheri/bundle_adj,3,1,1,1,baseline,226.7377107
Janna/Fault_639,0,0,0,0,baseline_nonpositive_pivot,
Janna/Fault_639,1,0,0,0,baseline_nonpositive_pivot,
Janna/Fault_639,2,0,0,0,baseline_nonpositive_pivot,
Janna/Fault_639,3,0,1,0,baseline_nonpositive_pivot,
Janna/PFlow_742,0,0,0,0,baseline_nonpositive_pivot,
Janna/PFlow_742,1,0,0,0,baseline_nonpositive_pivot,
Janna/PFlow_742,2,0,0,0,baseline_nonpositive_pivot,
Janna/PFlow_742,3,0,1,0,baseline_nonpositive_pivot,
Oberwolfach/boneS10,0,0,0,0,baseline_nonpositive_pivot,
Oberwolfach/boneS10,1,0,0,0,baseline_nonpositive_pivot,
Oberwolfach/boneS10,2,0,0,0,baseline_nonpositive_pivot,
Oberwolfach/boneS10,3,0,1,0,baseline_nonpositive_pivot,
Janna/Emilia_923,0,1,0,1,baseline,0.732716245
Janna/Emilia_923,1,1,0,1,baseline,3.128785822
Janna/Emilia_923,2,1,0,1,baseline,12.08246464
Janna/Emilia_923,3,1,1,1,baseline,34.3258184
GHS_psdef/audikw_1,0,0,0,0,baseline_nonpositive_pivot,
GHS_psdef/audikw_1,1,1,0,1,baseline,14.35622912
GHS_psdef/audikw_1,2,1,0,1,baseline,59.52789991
GHS_psdef/audikw_1,3,1,1,1,baseline,192.1478072
GHS_psdef/ldoor,0,0,0,0,baseline_nonpositive_pivot,
GHS_psdef/ldoor,1,0,0,0,baseline_nonpositive_pivot,
GHS_psdef/ldoor,2,0,0,0,baseline_nonpositive_pivot,
GHS_psdef/ldoor,3,0,1,0,baseline_nonpositive_pivot,
Oberwolfach/bone010,0,1,0,1,baseline,2.027656809
Oberwolfach/bone010,1,1,0,1,baseline,9.618442279
Oberwolfach/bone010,2,1,0,1,baseline,27.91469416
Oberwolfach/bone010,3,1,1,1,baseline,63.01254418
Schmid/thermal2,0,1,0,1,baseline,0.03369176097
Schmid/thermal2,1,1,0,1,baseline,0.06815703702
Schmid/thermal2,2,1,0,1,baseline,0.149409757
Schmid/thermal2,3,1,1,1,baseline,0.2670862899
Janna/Serena,0,0,0,0,baseline_nonpositive_pivot,
Janna/Serena,1,0,0,0,baseline_nonpositive_pivot,
Janna/Serena,2,0,0,0,baseline_nonpositive_pivot,
Janna/Serena,3,1,1,1,baseline,81.04868448
Janna/Geo_1438,0,1,0,1,baseline,1.046832835
Janna/Geo_1438,1,1,0,1,baseline,4.408481997
Janna/Geo_1438,2,1,0,1,baseline,17.27898301
Janna/Geo_1438,3,1,1,1,baseline,47.60029915
Janna/StocF-1465,0,0,0,0,baseline_nonpositive_pivot,
Janna/StocF-1465,1,0,0,0,baseline_nonpositive_pivot,
Janna/StocF-1465,2,0,0,0,baseline_nonpositive_pivot,
Janna/StocF-1465,3,0,1,0,baseline_nonpositive_pivot,
Janna/Hook_1498,0,1,0,1,baseline,1.203781792
Janna/Hook_1498,1,1,0,1,baseline,4.591784034
Janna/Hook_1498,2,1,0,1,baseline,16.70111878
Janna/Hook_1498,3,1,1,1,baseline,49.39859723
Janna/Flan_1565,0,1,0,1,baseline,3.310109619
Janna/Flan_1565,1,1,0,1,baseline,15.87125576
Janna/Flan_1565,2,1,0,1,baseline,45.12407517
Janna/Flan_1565,3,1,1,1,baseline,99.08499811
AMD/G3_circuit,0,1,0,1,baseline,0.01427172101
AMD/G3_circuit,1,1,0,1,baseline,0.02869881003
AMD/G3_circuit,2,1,0,1,baseline,0.05327919195
AMD/G3_circuit,3,1,1,1,baseline,0.09749599395
Janna/Bump_2911,0,0,0,0,baseline_nonpositive_pivot,
Janna/Bump_2911,1,0,0,0,baseline_nonpositive_pivot,
Janna/Bump_2911,2,0,0,0,baseline_nonpositive_pivot,
Janna/Bump_2911,3,1,1,1,baseline,109.0757618
Janna/Queen_4147,0,0,0,0,baseline_nonpositive_pivot,
Janna/Queen_4147,1,0,0,0,baseline_nonpositive_pivot,
Janna/Queen_4147,2,0,0,0,baseline_nonpositive_pivot,
Janna/Queen_4147,3,0,1,0,baseline_nonpositive_pivot,
